id,propertyId,name
t_5002,p_1002,Daniel Brooks
t_5003,p_1002,Jane Collins
t_5004,p_1003,Grace Garcia
t_5005,p_1003,Sarah Jones
t_5006,p_1004,John Lawrence
t_5007,p_1005,Emily Harris
t_5008,p_1006,Olivia Edwards
t_5009,p_1007,Olivia King
t_5010,p_1007,Samuel Walker
t_5011,p_1007,Ruby Daniels
t_5012,p_1007,Isabella Richards
t_5013,p_1007,Emma Montgomery
t_5014,p_1008,Grace Perez
t_5015,p_1008,Gabriel Young
t_5016,p_1008,Michael Hunter
t_5017,p_1008,Lucas Williams
t_5018,p_1008,Harper Carter
t_5019,p_1009,Avery Clark
t_5020,p_1010,Thomas Fisher
t_5021,p_1010,Alex Coleman
t_5022,p_1011,Anna Wells
t_5023,p_1011,Layla Brown
t_5024,p_1011,Matthew Patterson
t_5025,p_1012,Zoe Henderson
t_5026,p_1013,Sarah Martinez
t_5027,p_1013,Hannah Johnson
t_5028,p_1013,Aiden Palmer
t_5029,p_1013,Elijah Hughes
t_5030,p_1014,Aiden Miller
t_5031,p_1014,Madison Campbell
t_5032,p_1014,Aria Alexander
t_5033,p_1014,Ruby Hoffman
t_5034,p_1014,Harper Smith
t_5035,p_1015,Avery Bailey
t_5036,p_1016,Chloe Bell
t_5037,p_1017,Aria Sanchez
t_5038,p_1017,Mia Hamilton
t_5039,p_1017,Sebastian Phillips
t_5040,p_1017,Aria Graham
t_5041,p_1018,Chris Richards
t_5042,p_1018,Joshua Rodriguez
t_5043,p_1019,Anna Reed
t_5044,p_1019,Jackson Sanchez
t_5045,p_1019,Liam Stewart
t_5046,p_1020,Nathan Shaw
t_5047,p_1021,Sophia Mitchell
t_5048,p_1021,Gabriel Murphy
t_5049,p_1022,Nathan Collins
t_5050,p_1022,Scarlett Coleman
t_5051,p_1022,Olivia Robinson
t_5052,p_1023,Nathan Montgomery
t_5053,p_1023,Chris Scott
t_5054,p_1023,Matthew Rogers
t_5055,p_1024,Luna Alexander
t_5056,p_1024,William Morris
t_5057,p_1024,Zoe Martinez
t_5058,p_1024,John Gibson
t_5059,p_1025,Luke Wells
t_5060,p_1025,Jackson Young
t_5061,p_1025,Amelia Clark
t_5062,p_1026,Scarlett Lewis
t_5063,p_1026,Laura Carter
t_5064,p_1027,Mia Roberts
t_5065,p_1027,Nathan Wright
t_5066,p_1027,Zoe Miller
t_5067,p_1027,Lily Jordan
t_5068,p_1027,Hannah Russell
t_5069,p_1028,Michael Perez
t_5073,p_1030,David Bailey
t_5074,p_1030,Joshua Moore
t_5075,p_1030,Ethan Coleman
t_5076,p_1030,Elijah Clark
t_5077,p_1031,Jane Bryant
t_5078,p_1032,Jackson Hamilton
t_5079,p_1032,Chris Scott
t_5080,p_1032,Sophia Reynolds
t_5081,p_1033,Benjamin Lewis
t_5082,p_1033,Laura Perez
t_5083,p_1033,Daniel Miller
t_5084,p_1034,Ethan Hughes
t_5085,p_1034,Olivia Roberts
t_5086,p_1034,Samuel Evans
t_5087,p_1035,Isabella Shaw
t_5088,p_1035,Elijah Stewart
t_5089,p_1035,Ruby Morris
t_5090,p_1035,William Allen
t_5091,p_1035,Harper Alexander
t_5092,p_1036,Victoria Daniels
t_5093,p_1036,Victoria Mitchell
t_5094,p_1037,Lisa Sanchez
t_5095,p_1037,Elijah Bailey
t_5096,p_1038,Aria Fisher
t_5097,p_1038,Anna Long
t_5098,p_1039,Henry Brown
t_5099,p_1039,Violet Murray
t_5100,p_1039,Emily Montgomery
t_5102,p_1041,Lily Hill
t_5103,p_1041,Jackson Phillips
t_5104,p_1041,Liam Ryan
t_5105,p_1041,Hannah Robinson
t_5106,p_1042,Victoria Williams
t_5107,p_1043,Victoria Henderson
t_5108,p_1043,Amelia Brooks
t_5109,p_1043,Matthew Graham
t_5110,p_1044,Jacob Rogers
t_5111,p_1044,Robert Clark
t_5112,p_1044,Isabella Graham
t_5113,p_1044,Zoe Moore
t_5114,p_1045,Mia Bell
t_5115,p_1046,Jackson Murray
t_5116,p_1047,Lisa Long
t_5117,p_1047,Sarah Hill
t_5118,p_1047,John Hoffman
t_5119,p_1048,John Murphy
t_5120,p_1048,Ella Harris
t_5121,p_1048,Daniel Morris
t_5122,p_1048,Harper Walker
t_5123,p_1048,Thomas Collins
t_5124,p_1049,Jane Gibson
t_5125,p_1049,Ruby Sanchez
t_5126,p_1049,Jane Martinez
t_5127,p_1050,Matthew Turner
t_5128,p_1051,Luna Jones
t_5129,p_1051,Sophia Coleman
t_5134,p_1053,Jacob Lawrence
t_5135,p_1053,Matthew Lewis
t_5136,p_1053,Ruby Hughes
t_5137,p_1054,Zoe Russell
t_5138,p_1054,Layla Young
t_5139,p_1055,Lily Nelson
t_5140,p_1055,Chris Carter
t_5141,p_1056,Liam Daniels
t_5142,p_1056,Samuel Brown
t_5143,p_1056,Luke Palmer
t_5144,p_1057,Robert Williams
t_5145,p_1057,Henry Shaw
t_5146,p_1058,David Reed
t_5147,p_1059,Victoria Brown
t_5148,p_1059,Ruby Parker
t_5154,p_1061,Daniel Cook
t_5155,p_1061,Anna Roberts
t_5156,p_1061,Victoria Bell
t_5157,p_1061,Lucas Phillips
t_5158,p_1061,Lisa Edwards
t_5159,p_1062,Amelia Bailey
t_5160,p_1062,Layla Smith
t_5161,p_1063,John Perez
t_5162,p_1063,Anna Oliver
t_5163,p_1063,Jackson Davis
t_5164,p_1063,Scarlett Turner
t_5165,p_1064,Madison Montgomery
t_5166,p_1064,James Moore
t_5167,p_1065,Violet Murphy
t_5168,p_1065,Owen Martinez
t_5169,p_1066,Amelia Reynolds
t_5170,p_1066,John Collins
t_5171,p_1066,David Rodriguez
t_5172,p_1067,Chloe Morris
t_5173,p_1067,Mason Stewart
t_5174,p_1068,Samuel Coleman
t_5175,p_1068,Victoria Young
t_5176,p_1069,Lucas Walker
t_5177,p_1070,Harper Shaw
t_5178,p_1070,Sebastian Jordan
t_5179,p_1070,Lucy Harrison
t_5180,p_1071,Sarah King
t_5181,p_1072,Matthew Gibson
t_5182,p_1072,Avery Garcia
t_5183,p_1072,Amelia Lewis
t_5184,p_1073,Ava Hoffman
t_5185,p_1074,Chloe Murray
t_5186,p_1074,Jackson Morris
t_5187,p_1075,Isabella Walker
t_5188,p_1075,Madison Wells
t_5189,p_1075,William Reed
t_5190,p_1076,Lucy Cook
t_5191,p_1076,Robert Hughes
t_5192,p_1076,Carter Stewart
t_5193,p_1076,Luke Martinez
t_5194,p_1077,Lily Rogers
t_5195,p_1077,Liam Ryan
t_5196,p_1078,Madison Harrison
t_5197,p_1078,Isabella Perez
t_5198,p_1079,Owen Bailey
t_5199,p_1079,Nathan King
t_5200,p_1079,Scarlett Patterson
t_5201,p_1079,Luke Russell
t_5202,p_1079,Chloe Clark
t_5203,p_1080,Sophia Edwards
t_5204,p_1080,Avery Robinson
t_5205,p_1080,Luke Gibson
t_5206,p_1081,Amelia Collins
t_5207,p_1081,John Davis
t_5208,p_1081,John Brooks
t_5209,p_1081,Alex Alexander
t_5214,p_1083,Michael Bell
t_5215,p_1084,Ethan Long
t_5216,p_1084,Joshua Mitchell
t_5217,p_1084,Lily Jenkins
t_5218,p_1085,David Garcia
t_5219,p_1085,Henry Rogers
t_5220,p_1086,Aiden Shaw
t_5221,p_1086,Sebastian Graham
t_5222,p_1086,Scarlett Evans
t_5223,p_1087,Ava King
t_5224,p_1087,Ava Phillips
t_5225,p_1088,Zoe Sanchez
t_5226,p_1088,Ella Davis
t_5227,p_1089,Lucy Parker
t_5228,p_1089,Joshua Stewart
t_5229,p_1089,Mia Wells
t_5230,p_1089,Lucas Hughes
t_5231,p_1090,Matthew Jones
t_5232,p_1090,Harper Ryan
t_5233,p_1090,Olivia Bell
t_5234,p_1090,Sophia Alexander
t_5235,p_1090,Ella Turner
t_5236,p_1091,Liam Miller
t_5237,p_1092,Olivia Henderson
t_5238,p_1092,Daniel Hoffman
t_5239,p_1093,Nathan Coleman
t_5240,p_1093,Owen Mitchell
t_5241,p_1094,Jayden Lawrence
t_5242,p_1094,Luna Williams
t_5243,p_1094,Ethan Cook
t_5244,p_1095,James Jordan
t_5245,p_1095,Benjamin Daniels
t_5246,p_1095,Henry Fisher
t_5247,p_1095,Luke Moore
t_5248,p_1095,Lily Collins
t_5249,p_1096,Jackson Murray
t_5250,p_1096,Luna Russell
t_5251,p_1096,Nathan Barnes
t_5252,p_1096,William Hill
t_5253,p_1097,Avery Young
t_5254,p_1097,Lucy Stewart
t_5255,p_1098,Henry Hunter
t_5256,p_1098,Jane Graham
t_5257,p_1098,Jacob Garcia
t_5258,p_1098,Daniel Reynolds
t_5259,p_1099,Amelia Perez
t_5260,p_1099,Michael Coleman
t_5261,p_1099,Carter Turner
t_5262,p_1099,Grace Morris
t_5263,p_1100,Nathan Parker
t_5264,p_1100,Henry Allen
t_5265,p_1100,Chris Bryant
t_5266,p_1100,Liam Lawrence
t_5267,p_1100,Charlotte Murray
t_5268,p_1101,Amelia Campbell